1wF4qg_I6crTGbRXj0W4tywtdqA2k5ZQS	1dyYLbVa2lS9o7oRAEZOpQgZMpUtd15La	folder	8. Google Data Analytics Capstone Complete a Case Study
1KUh0dQEYNXukUEqHPrLFXx46mx_B3myl	1dyYLbVa2lS9o7oRAEZOpQgZMpUtd15La	folder	7. Data Analysis with R Programming
1rEjn7lZ-6g4LHojlE78uVA1wQJ8dtzmS	1dyYLbVa2lS9o7oRAEZOpQgZMpUtd15La	folder	6. Share Data Through the Art of Visualization
1I0FHsihEhMgy7q68UDnvAmT2qAw5syMd	1dyYLbVa2lS9o7oRAEZOpQgZMpUtd15La	folder	4. Process Data from Dirty to Clean
1EL9OOWVXdSE3MIjprb-ad8_CiBNCp6Zi	1dyYLbVa2lS9o7oRAEZOpQgZMpUtd15La	folder	5. Analyze Data to Answer Questions
1mXJwQ-UeM9_kc2XACX17O1HnfAzxNVSR	1dyYLbVa2lS9o7oRAEZOpQgZMpUtd15La	folder	2. Ask Questions to Make Data-Driven Decisions
1gl2G1GgZ4kVg29-3_6hAeFW7JuXMP7wp	1dyYLbVa2lS9o7oRAEZOpQgZMpUtd15La	folder	3. Prepare Data for Exploration
1ngzqQutRTWiz2XA7ETQt5OHFADTm7mmw	1dyYLbVa2lS9o7oRAEZOpQgZMpUtd15La	folder	1. Foundations Data, Data, Everywhere
1_cfjawz2e9pVVHvPlMQPxvbk_nSIp5At	1wF4qg_I6crTGbRXj0W4tywtdqA2k5ZQS	folder	04_putting-your-certificate-to-work
1LV0VK6kL0UlzG4pbKCtJ1jGQnIXpGLy0	1wF4qg_I6crTGbRXj0W4tywtdqA2k5ZQS	folder	02_optional-building-your-portfolio
1ZT3KMGlDBNjlqSBMBEwh74FR2GZcH8mA	1wF4qg_I6crTGbRXj0W4tywtdqA2k5ZQS	folder	01_learn-about-capstone-basics
1_CshdhSCzHaEzdvy1RR8-rdGlJXGuGt3	1wF4qg_I6crTGbRXj0W4tywtdqA2k5ZQS	folder	03_optional-using-your-portfolio
12F3BMD5ysT7csjbi9c33OkCkD_CdyVoT	1KUh0dQEYNXukUEqHPrLFXx46mx_B3myl	folder	02_programming-using-rstudio
19VwswwU21pW0A2Z7US_XpjLYvKniNNsO	1KUh0dQEYNXukUEqHPrLFXx46mx_B3myl	folder	04_more-about-visualizations-aesthetics-and-annotations
15ddl21jlZo-gbgmZh17bxGNau3-ZCamy	1KUh0dQEYNXukUEqHPrLFXx46mx_B3myl	folder	03_working-with-data-in-r
1TMs_s2mzYX81_K8PAYiMXTWkHQDnd47h	1KUh0dQEYNXukUEqHPrLFXx46mx_B3myl	folder	01_programming-and-data-analytics
1xIE6k2_2495A4OGD_JIcyNo5zpnpac1O	1KUh0dQEYNXukUEqHPrLFXx46mx_B3myl	folder	05_documentation-and-reports
1mWAAqCGyqGjF1hYt9GDRuTKv6H254VOW	1rEjn7lZ-6g4LHojlE78uVA1wQJ8dtzmS	folder	03_crafting-data-stories
1G-N_bH2VPyhJkhftlu9iVVrEizhZ5yqN	1rEjn7lZ-6g4LHojlE78uVA1wQJ8dtzmS	folder	01_visualizing-data
19sf1PNFk4bQ1KLWAsNziBy0mZ7i1aJZZ	1rEjn7lZ-6g4LHojlE78uVA1wQJ8dtzmS	folder	04_developing-presentations-and-slideshows
1kb0zQZTDAY3JgL-CRz_qMUp7KU0eUGGM	1rEjn7lZ-6g4LHojlE78uVA1wQJ8dtzmS	folder	02_creating-data-visualizations-with-tableau
1heUeNLTLvnz68dSswYvZYX6Op_qiw-Ss	1I0FHsihEhMgy7q68UDnvAmT2qAw5syMd	folder	04_verify-and-report-on-your-cleaning-results
11LFD8-t0pk9qXJljVB96rsor0CsvoWDb	1I0FHsihEhMgy7q68UDnvAmT2qAw5syMd	folder	07_Resources
14qs7aOZxbwDx8CGq5Zp0wRA7KtGevexo	1I0FHsihEhMgy7q68UDnvAmT2qAw5syMd	folder	03_cleaning-data-with-sql
1F3GadkVHnt9zp6uG7lOI6Z6p4-y5hm8y	1I0FHsihEhMgy7q68UDnvAmT2qAw5syMd	folder	02_sparkling-clean-data
12hAnpOvAwWoY95IUr6bUFD-aICNGc7Zd	1I0FHsihEhMgy7q68UDnvAmT2qAw5syMd	folder	01_the-importance-of-integrity
1JlR9wweOe38J8CzfF8CrSRd86BxKcgr0	1I0FHsihEhMgy7q68UDnvAmT2qAw5syMd	folder	06_course-challenge
11FzUjNXCTjN_9CcpO0gU3E9qypdsxJHx	1I0FHsihEhMgy7q68UDnvAmT2qAw5syMd	folder	05_optional-adding-data-to-your-resume
1hAEH9pZODZ4whgjC-udcQtjFmXV7Swcf	1EL9OOWVXdSE3MIjprb-ad8_CiBNCp6Zi	folder	01_organizing-data-to-begin-analysis
1dblIZsyn0K5VBsHLunR94JkFvWkQj-Mm	1EL9OOWVXdSE3MIjprb-ad8_CiBNCp6Zi	folder	02_formatting-and-adjusting-data
1ul2dtlyzDuXbSfS3E_nQ_WEAlrS_rXtG	1EL9OOWVXdSE3MIjprb-ad8_CiBNCp6Zi	folder	05_Resources
1XNJAJTHCf1xzBV0R4EM9KlYnLJPeMnOy	1EL9OOWVXdSE3MIjprb-ad8_CiBNCp6Zi	folder	04_performing-data-calculations
1FjLWP8oe5zu6Wf9G2rSjKQRahTZxHCpZ	1EL9OOWVXdSE3MIjprb-ad8_CiBNCp6Zi	folder	03_aggregating-data-for-analysis
1pOJ6uOJ2U3JUQKJ7klgRjjSxzzIJwCuy	1mXJwQ-UeM9_kc2XACX17O1HnfAzxNVSR	folder	04_always-remember-the-stakeholder
1d3qA-8BN24a7Po-QaXR72rbGnCRLKcgu	1mXJwQ-UeM9_kc2XACX17O1HnfAzxNVSR	folder	03_more-spreadsheet-basics
1dCfEcVoVaKEvzPhpMGDVx73ntVlDVlGJ	1mXJwQ-UeM9_kc2XACX17O1HnfAzxNVSR	folder	01_effective-questions
1hJ_xSnEom5HzFJkExJnjxzNMpkRnoP5P	1mXJwQ-UeM9_kc2XACX17O1HnfAzxNVSR	folder	02_data-driven-decisions
19WMeny3wrGIzUbyCfdMW5v3yec9Dw0ij	1mXJwQ-UeM9_kc2XACX17O1HnfAzxNVSR	folder	05_Resources
1gUyRSrCEFzEFaQunRZoh_tGtHhK3bpSz	1gl2G1GgZ4kVg29-3_6hAeFW7JuXMP7wp	folder	07_Resources
1BWxsUm1wwckM_l0NejpgcrD4vpnSbNPo	1gl2G1GgZ4kVg29-3_6hAeFW7JuXMP7wp	folder	06_course-challenge
16yrbRVLY2GYQ4Ps6wkrKGx8oGmOXyvRx	1gl2G1GgZ4kVg29-3_6hAeFW7JuXMP7wp	folder	02_bias-credibility-privacy-ethics-and-access
1doxKbvwmIGKF8Prss3DBHnzkoY-LCumz	1gl2G1GgZ4kVg29-3_6hAeFW7JuXMP7wp	folder	03_databases-where-data-lives
1lnIV9C37gfMmIKjNG7QIak_KtL4aUNqy	1gl2G1GgZ4kVg29-3_6hAeFW7JuXMP7wp	folder	04_organizing-and-protecting-your-data
1dR6KnToJPURdBocD_nnbSh5N8SeqXUSG	1gl2G1GgZ4kVg29-3_6hAeFW7JuXMP7wp	folder	01_data-types-and-structures
1oQjNQxr8DumkxbXVxgb3E5BlkNXZuvnr	1gl2G1GgZ4kVg29-3_6hAeFW7JuXMP7wp	folder	05_optional-engaging-in-the-data-community
1qPx4iuo9dedZOkeKWzAF4YCkeUI6ylhw	1ngzqQutRTWiz2XA7ETQt5OHFADTm7mmw	folder	02_all-about-analytical-thinking
10i2RlQN6emD26ixRsOKYLVFMLYVLNhnP	1ngzqQutRTWiz2XA7ETQt5OHFADTm7mmw	folder	01_introducing-data-analytics
1G3z2p4CioLS8mbSlbOG0wnia5vlC71eU	1ngzqQutRTWiz2XA7ETQt5OHFADTm7mmw	folder	05_endless-career-possibilities
1ublLhPELqiR5uh7HaLuanfQ4HeXp6YoV	1ngzqQutRTWiz2XA7ETQt5OHFADTm7mmw	folder	04_set-up-your-toolbox
1nGJUt_3Rf7-mNGv0pD3sR18BsM0p7ZDn	1ngzqQutRTWiz2XA7ETQt5OHFADTm7mmw	folder	06_Resources
1z_-VZuxZeSLOQwmyFoikR8qqzcGjros3	1ngzqQutRTWiz2XA7ETQt5OHFADTm7mmw	folder	03_the-wonderful-world-of-data
1SA6UzU5vkVheXFPIAHjEw_hX4uvfXnmB	1_cfjawz2e9pVVHvPlMQPxvbk_nSIp5At	folder	01_program-wrap-up
1HEpwl7Bsy1NtNaM-ySCUXsEc00am1beg	1LV0VK6kL0UlzG4pbKCtJ1jGQnIXpGLy0	folder	03_case-study-track-2-choosing-your-own-questions-and-dataset
13zvakhfTGyL1LEe1o-dn2VUaBNB5JjMl	1LV0VK6kL0UlzG4pbKCtJ1jGQnIXpGLy0	folder	04_sharing-your-case-study-and-portfolio
1vY5IAReXC5YQUYXTe2HjzTj2rT2CFC5O	1LV0VK6kL0UlzG4pbKCtJ1jGQnIXpGLy0	folder	02_case-study-track-1-working-with-existing-questions-and-datasets
15BrbDIigVcOSoM-HpOZGjW-fXLVzeCZc	1LV0VK6kL0UlzG4pbKCtJ1jGQnIXpGLy0	folder	01_getting-started
1GEm7WSQIeq76VixGgmGHMAJqvLV2IYH8	1ZT3KMGlDBNjlqSBMBEwh74FR2GZcH8mA	folder	01_introduction-to-the-capstone
1TCNHXk6-YupP79k2e6M_MBeVAdVPICJS	1ZT3KMGlDBNjlqSBMBEwh74FR2GZcH8mA	folder	02_sample-cases-for-data-analysts
14kcQpI7wl2DbjaIZ5l9XEa1Z4UV4GD1C	1_CshdhSCzHaEzdvy1RR8-rdGlJXGuGt3	folder	03_before-you-go
1crmAuWdGPo9cX5eRcir7nUz0HjhsXdaB	1_CshdhSCzHaEzdvy1RR8-rdGlJXGuGt3	folder	02_in-the-interview
1_XTc8VlP404IUQ4yt2nMV_wENH7DJbo9	1_CshdhSCzHaEzdvy1RR8-rdGlJXGuGt3	folder	01_sharing-your-work-with-recruiters
1hwIB2zPRU_CjfOC7QQ_0UeRnz18O3_9E	12F3BMD5ysT7csjbi9c33OkCkD_CdyVoT	folder	02_explore-coding-in-r
11A13gjEOeJJFa2cbU9Pksqfq5Mm7TYtr	12F3BMD5ysT7csjbi9c33OkCkD_CdyVoT	folder	05_weekly-challenge-2
1T5tlAKBUq385Bn1mPIlwqmjV4E1YzDYm	12F3BMD5ysT7csjbi9c33OkCkD_CdyVoT	folder	04_explore-the-tidyverse
1XTx8K7-FyIXLB9GbdEKWQoloktCr3iOM	12F3BMD5ysT7csjbi9c33OkCkD_CdyVoT	folder	03_learning-about-r-packages
1gKu9yU2b1leJTBWtSLhiSIY2yBu-Sys2	12F3BMD5ysT7csjbi9c33OkCkD_CdyVoT	folder	01_understand-basic-programming-concepts
1RQs3rJj3Co6tl6G5MWLE2Qn2xmu0QO3c	19VwswwU21pW0A2Z7US_XpjLYvKniNNsO	folder	02_explore-aesthetics-in-analysis
1sQx5t8FIE6K-x8yncwpkhspQ8lN5wBfn	19VwswwU21pW0A2Z7US_XpjLYvKniNNsO	folder	04_weekly-challenge-4
1fyY9-Xf9dv-olw2sUylsCedLzIgVIVhb	19VwswwU21pW0A2Z7US_XpjLYvKniNNsO	folder	03_annotate-and-save-visualizations
1_ZgmTihaw3OWhxf5PWxbQuXgs9oZpH14	19VwswwU21pW0A2Z7US_XpjLYvKniNNsO	folder	01_create-data-visualizations-in-r
1jaEmnOP9_9EqE9POqDBEszJY8o9_xKjq	15ddl21jlZo-gbgmZh17bxGNau3-ZCamy	folder	02_cleaning-data
1OFY4RQYl90i1_NfwRk_iRi7ArerVi-HO	15ddl21jlZo-gbgmZh17bxGNau3-ZCamy	folder	01_explore-data-and-r
1a42SgZZiXKzvKVyw58MM5vj0-_tk0zCQ	15ddl21jlZo-gbgmZh17bxGNau3-ZCamy	folder	04_weekly-challenge-3
1kjyBNufSGSf3InJTEARHCOiEpDhtk7G3	15ddl21jlZo-gbgmZh17bxGNau3-ZCamy	folder	03_take-a-closer-look-at-the-data
1SHds_qEBnJL4Np4d2o6jPivEwN_u6MMC	1TMs_s2mzYX81_K8PAYiMXTWkHQDnd47h	folder	01_the-exciting-world-of-programming
1YhBKuyoDb8k8_f7zZJfohLMUiw_zVKe9	1TMs_s2mzYX81_K8PAYiMXTWkHQDnd47h	folder	02_programming-as-a-data-analyst
16LN8WcfwVjbKZIctq8_RiB1pthscDMkY	1TMs_s2mzYX81_K8PAYiMXTWkHQDnd47h	folder	04_weekly-challenge-1
1nsy9HR_WMul1lHX2YLQVKFV3xGGxH3BX	1TMs_s2mzYX81_K8PAYiMXTWkHQDnd47h	folder	03_learn-programming-using-rstudio
1Q7yduvJklsXFbQN9cXe20usQhGIG4J6_	1xIE6k2_2495A4OGD_JIcyNo5zpnpac1O	folder	01_develop-documentation-and-reports-in-rstudio
1GC6kaOFw1v7Kr4ks3A2Yr3xJ6s_uDXWk	1xIE6k2_2495A4OGD_JIcyNo5zpnpac1O	folder	02_create-r-markdown-documents
1y3VstwNTCrjI3vENMMGzO5R7jdFgbLSM	1xIE6k2_2495A4OGD_JIcyNo5zpnpac1O	folder	04_weekly-challenge-5
1cjXftkki2hKL0Xe0itBf7Z5RrEE2_VD-	1xIE6k2_2495A4OGD_JIcyNo5zpnpac1O	folder	05_course-wrap-up
16_hk35md6vLPzlUpteGXJHsB-z_ZEVgZ	1xIE6k2_2495A4OGD_JIcyNo5zpnpac1O	folder	03_understand-code-chunks-and-exports
1D2obaSrGiQN298hbuWOaO-S3e_gVwgsi	1mWAAqCGyqGjF1hYt9GDRuTKv6H254VOW	folder	02_use-tableau-dashboards
1ku8_oU759xc-pbiBm9W7Gat-nSfqwHsq	1mWAAqCGyqGjF1hYt9GDRuTKv6H254VOW	folder	03_sharing-data-stories
1d6OEFJrtrdG_KgDexrbqo6UdCLRzrbo9	1mWAAqCGyqGjF1hYt9GDRuTKv6H254VOW	folder	04_weekly-challenge-3
1MG3fMcUt5Ymh-gq-kFhXu5hOsWW35jZN	1mWAAqCGyqGjF1hYt9GDRuTKv6H254VOW	folder	01_use-data-to-develop-stories
1ZrJWmtrtQlD3dYLDQNAmHp9zMRkZr6vg	1G-N_bH2VPyhJkhftlu9iVVrEizhZ5yqN	folder	03_design-data-visualizations
1KCXInKbxEAufR1a1i777aZXA8gDPfOL2	1G-N_bH2VPyhJkhftlu9iVVrEizhZ5yqN	folder	05_weekly-challenge-1
1ZPGJqwlloBqKOw3t352t5bS0x3xAGcS9	1G-N_bH2VPyhJkhftlu9iVVrEizhZ5yqN	folder	04_explore-visualization-considerations
144jB-2uas0fP0fEfHhLNxqRJyhygxrtA	1G-N_bH2VPyhJkhftlu9iVVrEizhZ5yqN	folder	02_understand-data-visualization
18g5G6z5Cta8iYkY8QRse9o81t2SGCZht	1G-N_bH2VPyhJkhftlu9iVVrEizhZ5yqN	folder	01_communicating-your-data-insights
1XPkxGVe-UTmz-vmKE87r6TQrkJ3F2woe	19sf1PNFk4bQ1KLWAsNziBy0mZ7i1aJZZ	folder	01_the-art-and-science-of-an-effective-presentation
1QVFXGgQDNhfnh4z_I7RYIRq2h9JbWmSf	19sf1PNFk4bQ1KLWAsNziBy0mZ7i1aJZZ	folder	02_identify-presentation-skills-and-practices
1JMldt9bIB288I_ZzUb5KZtBGY8_dK04N	19sf1PNFk4bQ1KLWAsNziBy0mZ7i1aJZZ	folder	03_caveats-and-limitations-to-data
1Pyny6VYrIKak-C8PcqKZaHpsY_IHGmJn	19sf1PNFk4bQ1KLWAsNziBy0mZ7i1aJZZ	folder	04_listen-respond-and-include
1_xB8mMS-Bw0uVxJyzqngY6UsQaZvXh1e	19sf1PNFk4bQ1KLWAsNziBy0mZ7i1aJZZ	folder	05_weekly-challenge-4
1E07A2at3EIo-cs6bPf6CHpQQnnwXpQ6L	19sf1PNFk4bQ1KLWAsNziBy0mZ7i1aJZZ	folder	06_course-wrap-up
17q1txH0i2ELZ0wOhyjmbU1lAVRdk3mJK	1kb0zQZTDAY3JgL-CRz_qMUp7KU0eUGGM	folder	01_get-started-with-tableau
10XZbuo7Qwpme0U4bY68kCEWEFX8F5LNQ	1kb0zQZTDAY3JgL-CRz_qMUp7KU0eUGGM	folder	02_create-visualizations-in-tableau
1QAnXrcWPi0zCoGWA2yzSqz3QjLwyBjnf	1kb0zQZTDAY3JgL-CRz_qMUp7KU0eUGGM	folder	04_weekly-challenge-2
1D2C5yy5-_laEFhYOpNrr-tIp5GNh9RJ4	1kb0zQZTDAY3JgL-CRz_qMUp7KU0eUGGM	folder	03_optional-work-with-multiple-data-sources
1q5emlVApEkf00bDPJSrT6oVhk9uxMsM6	1heUeNLTLvnz68dSswYvZYX6Op_qiw-Ss	folder	02_documenting-results-and-the-cleaning-process
1okbYSYTYvSVxyspagU3snq2U2ymJzcqk	1heUeNLTLvnz68dSswYvZYX6Op_qiw-Ss	folder	03_weekly-challenge-4
13TKtA7BmL5KiTvDI9rqEi0JICCF27Ir3	1heUeNLTLvnz68dSswYvZYX6Op_qiw-Ss	folder	01_manually-cleaning-data
1KKxiAJG66G2B48SKoS0X7EZteoIynCZd	11LFD8-t0pk9qXJljVB96rsor0CsvoWDb	folder	01_program-surveys
12cIXqjiNJKqswHjsvyCKW30kvOEaelrZ	11LFD8-t0pk9qXJljVB96rsor0CsvoWDb	folder	02_citations-from-course
1tlOupJ4hacKb69ABE4gIuZf20RZ_l8Tx	14qs7aOZxbwDx8CGq5Zp0wRA7KtGevexo	folder	02_learn-basic-sql-queries
1qotBFN-dqzLL3sxbdmgIsJuMUL2ZdiX8	14qs7aOZxbwDx8CGq5Zp0wRA7KtGevexo	folder	04_weekly-challenge-3
1Tp3QAmsWRvfbIpSZe72SWJYfVcPq-xdd	14qs7aOZxbwDx8CGq5Zp0wRA7KtGevexo	folder	03_transforming-data
13WeC4EL9PWikcJk3SSL3L2PDXTRwCiFk	14qs7aOZxbwDx8CGq5Zp0wRA7KtGevexo	folder	01_using-sql-to-clean-data
1UKcdgbg1nh1ie_Zv-T7DAE_rI_OpatKP	1F3GadkVHnt9zp6uG7lOI6Z6p4-y5hm8y	folder	02_begin-cleaning-data
1eN1ov6zOsTXwP5huzkff5ZLBr197uRI-	1F3GadkVHnt9zp6uG7lOI6Z6p4-y5hm8y	folder	01_data-cleaning-is-a-must
1j5HRmQQJV_lq2GVFSbYjKEiBZeq57otH	1F3GadkVHnt9zp6uG7lOI6Z6p4-y5hm8y	folder	04_weekly-challenge-2
1_RqPKl71IDNrgptqil9nYuCSd7e2pP2o	1F3GadkVHnt9zp6uG7lOI6Z6p4-y5hm8y	folder	03_cleaning-data-in-spreadsheets
1sLFzLfpl2ep4TL3a4HJHk-1JvWHliCtg	12hAnpOvAwWoY95IUr6bUFD-aICNGc7Zd	folder	04_testing-your-data
1noX1W-gHQz3kaXzNARqw7OA0P6UgPzEf	12hAnpOvAwWoY95IUr6bUFD-aICNGc7Zd	folder	02_data-integrity-and-analytics-objectives
1TMpk3jmIxfJkSKv-yR0Qxdd0Od2xFa01	12hAnpOvAwWoY95IUr6bUFD-aICNGc7Zd	folder	05_consider-the-margin-of-error
1mvrFyJUazCJJriyu4VPsBFQCdZhkpku7	12hAnpOvAwWoY95IUr6bUFD-aICNGc7Zd	folder	01_focus-on-integrity
1glLeBXtThlU3aV8wtmN_1j168VpCM6fe	12hAnpOvAwWoY95IUr6bUFD-aICNGc7Zd	folder	03_overcoming-the-challenges-of-insufficient-data
1as8vVHw6Euu7b1sWTJq464ACfUoI_DDI	12hAnpOvAwWoY95IUr6bUFD-aICNGc7Zd	folder	06_weekly-challenge-1
1kHIEDrp3NQrxCk9NglBLfQVVu3hgdsjG	1JlR9wweOe38J8CzfF8CrSRd86BxKcgr0	folder	01_course-challenge
1rDm21vZ3sc7DTSpb6eyXWTBDuJqGD6ej	11FzUjNXCTjN_9CcpO0gU3E9qypdsxJHx	folder	01_the-data-analyst-hiring-process
15gH-hQHweLFBloDZmVVlShAGwV-w5SRf	11FzUjNXCTjN_9CcpO0gU3E9qypdsxJHx	folder	03_highlighting-experiences-on-resumes
15AxgQpkilqfY2gFlhT2M6aqi-JgbDjBb	11FzUjNXCTjN_9CcpO0gU3E9qypdsxJHx	folder	02_understand-the-elements-of-a-data-analyst-resume
1pZ7pAR-qt9ZUGYprOz-S4HpPhYyGOR6m	11FzUjNXCTjN_9CcpO0gU3E9qypdsxJHx	folder	04_exploring-areas-of-interest
1IoUhmiKm224_PZLcw_ELQ9ROw9F00Pcs	1hAEH9pZODZ4whgjC-udcQtjFmXV7Swcf	folder	06_weekly-challenge-1
1LJuI80qFFWPEcJEbBGLSMTMhQszPC0yX	1hAEH9pZODZ4whgjC-udcQtjFmXV7Swcf	folder	05_sort-data-using-sql
1py4cz2LNKE2K-t-MpMR2Md9UdYEIBBX1	1hAEH9pZODZ4whgjC-udcQtjFmXV7Swcf	folder	02_data-analysis-basics
1FUHb1nTAqZfXbOGJ8m5u8exgYaFOw0t0	1hAEH9pZODZ4whgjC-udcQtjFmXV7Swcf	folder	01_lets-get-organized
1eJvXeBlAOcNz9IGfRrI-Z89YDZqP4kcC	1hAEH9pZODZ4whgjC-udcQtjFmXV7Swcf	folder	04_sort-data-in-spreadsheets
19Z47SIoZ8AHCghWCAxN4PoosWP5JB1fb	1hAEH9pZODZ4whgjC-udcQtjFmXV7Swcf	folder	03_organize-data-for-analysis
1jAa8-uvRykYTDY3H6V2rXWdWlz7pQ-YV	1dblIZsyn0K5VBsHLunR94JkFvWkQj-Mm	folder	04_weekly-challenge-2
1Ss22pU1X9NjoQH8JKI6jtgSe2u2GyvKX	1dblIZsyn0K5VBsHLunR94JkFvWkQj-Mm	folder	03_get-support-during-analysis
1uluhPLQ0YX4QfMrGNXSyE-EIae_2WSRW	1dblIZsyn0K5VBsHLunR94JkFvWkQj-Mm	folder	01_convert-and-format-data
1qwg4i6rcqcrOu3rsJMmbYQg2n4fiJ9Dq	1dblIZsyn0K5VBsHLunR94JkFvWkQj-Mm	folder	02_combine-multiple-datasets
17CRk1xvdUfDbrvwZTHYMJxepTaVPJ9zz	1ul2dtlyzDuXbSfS3E_nQ_WEAlrS_rXtG	folder	02_citations-from-course
1oGtmCzzcHoG3YPS0XogOUvCQJe1QW80i	1ul2dtlyzDuXbSfS3E_nQ_WEAlrS_rXtG	folder	01_program-surveys
19yG-z7WQHLaqE1NkWhu-Z9EyHJVyZ2CS	1XNJAJTHCf1xzBV0R4EM9KlYnLJPeMnOy	folder	03_learn-more-sql-calculations
11cBg-HnJUySiupntILEixrSf8AXVABBr	1XNJAJTHCf1xzBV0R4EM9KlYnLJPeMnOy	folder	07_course-challenge
18z3u9S_JjPCVmFlNbM5jMJhTzdpJQ4y7	1XNJAJTHCf1xzBV0R4EM9KlYnLJPeMnOy	folder	04_the-data-validation-process
1AfrbMq-Nrw_ZRt2fAbM-GIrgC7hW2VGd	1XNJAJTHCf1xzBV0R4EM9KlYnLJPeMnOy	folder	01_get-started-with-data-calculations
1SWVC6Lf1sgKgE4cq4D466UF8O5FUg61r	1XNJAJTHCf1xzBV0R4EM9KlYnLJPeMnOy	folder	02_pivot-pivot-pivot
1M6GcrSgCln_joue54jnmjgrj21RK9D11	1XNJAJTHCf1xzBV0R4EM9KlYnLJPeMnOy	folder	05_using-sql-with-temporary-tables
13ClbZaJGJIR70gyXA4kvxtt3kwNWYrtC	1XNJAJTHCf1xzBV0R4EM9KlYnLJPeMnOy	folder	06_weekly-challenge-4
1uouEkJs13KoPTpUOSuyVsPD6zfXRyvY5	1FjLWP8oe5zu6Wf9G2rSjKQRahTZxHCpZ	folder	01_vlookup-for-data-aggregation
12ekhfGpgkzpL5nF6o3D_yj4F7u5MYKfV	1FjLWP8oe5zu6Wf9G2rSjKQRahTZxHCpZ	folder	02_use-joins-to-aggregate-data-in-sql
1z2Zn0mLdu5XzqBt_aBk8CJAAHayuZ4zK	1FjLWP8oe5zu6Wf9G2rSjKQRahTZxHCpZ	folder	03_work-with-subqueries
1Ak6mRr1sMNDJbI18-AR6FNAe5i680OG9	1FjLWP8oe5zu6Wf9G2rSjKQRahTZxHCpZ	folder	04_weekly-challenge-3
1y63MT6DZCLwjeAL1ZpaSlxJCm3FQPvy7	1pOJ6uOJ2U3JUQKJ7klgRjjSxzzIJwCuy	folder	03_amazing-teamwork
1z2RaOrbpqvuqBHNrHWXEo6IsqgwcKUaX	1pOJ6uOJ2U3JUQKJ7klgRjjSxzzIJwCuy	folder	04_weekly-challenge-4
1UxpGphTwlNlxzg8bmKRwEjE9_bc-rr6A	1pOJ6uOJ2U3JUQKJ7klgRjjSxzzIJwCuy	folder	02_communication-is-key
1XpMGXFoLKx9KbfbwxppW5rQuImLkP8Zb	1pOJ6uOJ2U3JUQKJ7klgRjjSxzzIJwCuy	folder	05_course-challenge
11UsinEfTB02enYJbiv-H0EovzkzhJENW	1pOJ6uOJ2U3JUQKJ7klgRjjSxzzIJwCuy	folder	01_balance-team-and-stakeholder-needs
10MXi7RKgUBlpmlmsb2sjaXUba5ajKxaA	1d3qA-8BN24a7Po-QaXR72rbGnCRLKcgu	folder	01_working-with-spreadsheets
1NtLslDw5HVDjyBXTvC8SQuhx03xjhlbX	1d3qA-8BN24a7Po-QaXR72rbGnCRLKcgu	folder	02_formulas-in-spreadsheets
1bujfQz7uOUK0kOxGqGzDPaL_UeAbNzPZ	1d3qA-8BN24a7Po-QaXR72rbGnCRLKcgu	folder	05_weekly-challenge-3
1mK2luUm0TFFPxXp50jUCqMQaqC1Z0sce	1d3qA-8BN24a7Po-QaXR72rbGnCRLKcgu	folder	04_save-time-with-structured-thinking
1c6OB1FqDMXoNwtF6F7OfzDCSUPCag1NC	1d3qA-8BN24a7Po-QaXR72rbGnCRLKcgu	folder	03_functions-in-spreadsheets
1u3rtUtmNZalWSRzg0a47_a8_-wQ7x0Fk	1dCfEcVoVaKEvzPhpMGDVx73ntVlDVlGJ	folder	02_take-action-with-data
11o4LJ5QVJ-ZHEotxzyviTZOujjnQJSZA	1dCfEcVoVaKEvzPhpMGDVx73ntVlDVlGJ	folder	04_craft-effective-questions
1ACjllxX_xEE65tqNr0cLdEWLRHbSCy33	1dCfEcVoVaKEvzPhpMGDVx73ntVlDVlGJ	folder	05_weekly-challenge-1
1Nw81QlZv52p2nQokVfQqkthHg2e6Z4wx	1dCfEcVoVaKEvzPhpMGDVx73ntVlDVlGJ	folder	01_problem-solving-and-effective-questioning
1t1rTSbJfpEhZXF-COK8u42JS9yBn_OEQ	1dCfEcVoVaKEvzPhpMGDVx73ntVlDVlGJ	folder	03_solve-problems-with-data
1Yg-Rfbb_tQidwrIZwoYBwwljPuyh1app	1hJ_xSnEom5HzFJkExJnjxzNMpkRnoP5P	folder	01_understand-the-power-of-data
1oXD1YdOzOvcdg_V4a5cckhl6SG-UVamT	1hJ_xSnEom5HzFJkExJnjxzNMpkRnoP5P	folder	04_weekly-challenge-2
1ptuRISCJVukhjuDjG11c6W1dQCHy-Xn-	1hJ_xSnEom5HzFJkExJnjxzNMpkRnoP5P	folder	02_follow-the-evidence
1CR-QCLjE9bGiqz1T4sgn6rQ8CeuMdZWn	1hJ_xSnEom5HzFJkExJnjxzNMpkRnoP5P	folder	03_connecting-the-data-dots
1zJp7IjkAMmdvhhkWInn4ZaHHbIueHw2k	19WMeny3wrGIzUbyCfdMW5v3yec9Dw0ij	folder	01_program-surveys
1ouKRaO_bUlY8N_PgDS-r7q5Rs-nDYcP2	19WMeny3wrGIzUbyCfdMW5v3yec9Dw0ij	folder	02_citations-from-course
1EDLyqis2m4nhN1aZfMus8Wmt42LWdiiX	1gUyRSrCEFzEFaQunRZoh_tGtHhK3bpSz	folder	01_program-surveys
1qMPWovN1MUKlibkoCFrlzo90pf1UL6x7	1gUyRSrCEFzEFaQunRZoh_tGtHhK3bpSz	folder	02_citations-from-course
1CSGapfazLBIx1l6EXOWU8UaA1TMQNCFf	1BWxsUm1wwckM_l0NejpgcrD4vpnSbNPo	folder	01_course-challenge
1I3Ktdhl8lFfOQjNI-1UaEHQ5w81yfq8B	16yrbRVLY2GYQ4Ps6wkrKGx8oGmOXyvRx	folder	01_unbiased-and-objective-data
1KLjsHuA7bfu3r9W5Jki38uaOek8_cmyv	16yrbRVLY2GYQ4Ps6wkrKGx8oGmOXyvRx	folder	05_weekly-challenge-2
16-vJ931FfqGGleRZNWXRSNjPZUbcVb8W	16yrbRVLY2GYQ4Ps6wkrKGx8oGmOXyvRx	folder	04_understanding-open-data
1U3sVMaahOfTG8oLaRElzQV84r-tjxeBC	16yrbRVLY2GYQ4Ps6wkrKGx8oGmOXyvRx	folder	03_data-ethics-and-privacy
1eutVW_qUSat3LQuNkBwzhbKxXz2OBonp	16yrbRVLY2GYQ4Ps6wkrKGx8oGmOXyvRx	folder	02_explore-data-credibility
1WdsbfrSaW38M3d26p-dLQBj5iuuAXU86	1doxKbvwmIGKF8Prss3DBHnzkoY-LCumz	folder	01_working-with-databases
1R5WstGNHsTAToPDzM7brOJ3ijgEWkFSG	1doxKbvwmIGKF8Prss3DBHnzkoY-LCumz	folder	04_sorting-and-filtering
1_3VPg2fggXm23t7wai_V_kcFrp7uJ0D8	1doxKbvwmIGKF8Prss3DBHnzkoY-LCumz	folder	06_weekly-challenge-3
1mVpLS9Qi56eUe1e5JgzG6ThcyL37pkcz	1doxKbvwmIGKF8Prss3DBHnzkoY-LCumz	folder	05_working-with-large-datasets-in-sql
1XukusUbZqW7W91p4RD0cJR2gMpasuR17	1doxKbvwmIGKF8Prss3DBHnzkoY-LCumz	folder	03_accessing-different-data-sources
1TO6k1DKuQfq2zJdcGOpep2acUjzA7-dr	1doxKbvwmIGKF8Prss3DBHnzkoY-LCumz	folder	02_managing-data-with-metadata
1uUbCNGM6GjEZ0R1rxgLr9UDdgzz1dlPV	1lnIV9C37gfMmIKjNG7QIak_KtL4aUNqy	folder	01_effectively-organize-data
11cZMQxR-aQTO5umIF4tYt6x7tHtP_kHB	1lnIV9C37gfMmIKjNG7QIak_KtL4aUNqy	folder	02_securing-data
1YmV029WJVDleHS3B0HUNWCX8ujdPwv2t	1lnIV9C37gfMmIKjNG7QIak_KtL4aUNqy	folder	03_weekly-challenge-4
1CjBQXT_ZyVlUz3gxebnciluJDOJdNoAX	1dR6KnToJPURdBocD_nnbSh5N8SeqXUSG	folder	02_collecting-data
1n67HV6xYhsuMXJwbx-YkAJ8taJ6Cl0_M	1dR6KnToJPURdBocD_nnbSh5N8SeqXUSG	folder	03_differentiate-between-data-formats-and-structures
12dVLrkmobi4zetZi9D87bNwWA7vDZXf_	1dR6KnToJPURdBocD_nnbSh5N8SeqXUSG	folder	04_explore-data-types-fields-and-values
11cz03cxPwtCWuYe_ZQ23DyPGUUHjcXTp	1dR6KnToJPURdBocD_nnbSh5N8SeqXUSG	folder	05_weekly-challenge-1
1_F5RCOFd3mW97ajJg01uB8rzj1Fmfqti	1dR6KnToJPURdBocD_nnbSh5N8SeqXUSG	folder	01_data-exploration
1P_zjjO7csannpOVYc-lHiggtk428EJWR	1oQjNQxr8DumkxbXVxgb3E5BlkNXZuvnr	folder	02_build-a-data-analytics-network
1CX1Oue174-GmUaX6p1TqU9FoylYajhXM	1oQjNQxr8DumkxbXVxgb3E5BlkNXZuvnr	folder	01_create-or-enhance-your-online-presence
1qdRyKucMYVpnEtBriV2hRfVmoGve_6H0	1qPx4iuo9dedZOkeKWzAF4YCkeUI6ylhw	folder	03_thinking-about-outcomes
1kRkL3jMz2E1KmHwUaVIFSgdhJ72fhqF5	1qPx4iuo9dedZOkeKWzAF4YCkeUI6ylhw	folder	04_weekly-challenge-2
1oeEeOnTd7d7Hpsk3WHT_AdIbjQeyJ95L	1qPx4iuo9dedZOkeKWzAF4YCkeUI6ylhw	folder	02_thinking-about-analytical-thinking
1eFKJF_rfKwqlYBalvinSMKnsuaLu2zwa	1qPx4iuo9dedZOkeKWzAF4YCkeUI6ylhw	folder	01_embrace-your-data-analyst-skills
1TyaWX2JJoIEkuFXdTi7Te3HyKbZMW3Bj	10i2RlQN6emD26ixRsOKYLVFMLYVLNhnP	folder	02_transforming-data-into-insights
12lZ6R6urWBMLo6vPMdBnt7l9SkfOHzcg	10i2RlQN6emD26ixRsOKYLVFMLYVLNhnP	folder	03_understanding-the-data-ecosystem
1q4obi8HhD6jgv_oJjDEDEDQTEO-zZKKB	10i2RlQN6emD26ixRsOKYLVFMLYVLNhnP	folder	01_get-started
10iholsQwojhOwI6MiWuuU3vmPoPFTIJ7	10i2RlQN6emD26ixRsOKYLVFMLYVLNhnP	folder	05_weekly-challenge-1
1JAt4B1_ZlSlWhNlMhtAThMpikWbco1a9	10i2RlQN6emD26ixRsOKYLVFMLYVLNhnP	folder	04_program-expectations-and-proper-use-of-the-discussion-forum
10Ji1o9lspqD9iPEqT5ANYJxE--QUs166	1G3z2p4CioLS8mbSlbOG0wnia5vlC71eU	folder	02_the-importance-of-fair-business-decisions
1BmvkAS3iIhOI8Wv_1qA0-dl5mh8ACNPm	1G3z2p4CioLS8mbSlbOG0wnia5vlC71eU	folder	03_optional-exploring-your-next-job
1h19Mf8gxJP-1VadP9jnxAS8toUiXb_gi	1G3z2p4CioLS8mbSlbOG0wnia5vlC71eU	folder	04_weekly-challenge-5
1p4GiG-_4EDtt6ucak7HTMEoFB5HA0_0K	1G3z2p4CioLS8mbSlbOG0wnia5vlC71eU	folder	01_data-analyst-job-opportunities
1esi8zf7sEp7WNXTuno2OrQYdzo-dmEcc	1G3z2p4CioLS8mbSlbOG0wnia5vlC71eU	folder	05_course-challenge
1sOW0j1-WFKgtYNpWI6YbOxIcsH3D4gyw	1ublLhPELqiR5uh7HaLuanfQ4HeXp6YoV	folder	01_mastering-spreadsheet-basics
1DRjCWp4FEePuF6w8RwOHeX-vW2ilhtGw	1ublLhPELqiR5uh7HaLuanfQ4HeXp6YoV	folder	02_structured-query-language-sql
1veZguDD2cI3vv9Upu0uEOpDgejEdLIGA	1ublLhPELqiR5uh7HaLuanfQ4HeXp6YoV	folder	04_weekly-challenge-4
1nOOSJ7c0Ok0C4Kp6uRQFAzXYzvzOssCX	1ublLhPELqiR5uh7HaLuanfQ4HeXp6YoV	folder	03_data-visualization
1AkX51RKNC8Z1mq5QlxAlGwmxnHxaGRvM	1nGJUt_3Rf7-mNGv0pD3sR18BsM0p7ZDn	folder	02_make-your-content-more-accessible
1oX02bcJRQbiOvecqu2PlZv6hGs38jgv6	1nGJUt_3Rf7-mNGv0pD3sR18BsM0p7ZDn	folder	05_citations-from-course
1hgFam12Mqnr1Xa67ZY4aIvjuscUyv7Kb	1nGJUt_3Rf7-mNGv0pD3sR18BsM0p7ZDn	folder	03_how-to-use-digital-presentation-tools
1Jw67SIsSHtPOmIBTPnYspC3vSHG4KQU6	1nGJUt_3Rf7-mNGv0pD3sR18BsM0p7ZDn	folder	01_how-to-use-digital-documents
1a3x3PJ7G8th4LeQ1NvQ458_qkfOFNJXT	1nGJUt_3Rf7-mNGv0pD3sR18BsM0p7ZDn	folder	04_program-surveys
1Mf_bOmLqg4qBJnRd5kdMYP0dm6Aw8of_	1z_-VZuxZeSLOQwmyFoikR8qqzcGjros3	folder	02_outlining-the-data-analysis-process
1C5yBsC9_cbA6OgB3Csyyx95VAHEQ5BiD	1z_-VZuxZeSLOQwmyFoikR8qqzcGjros3	folder	03_the-data-analysis-toolbox
1VD73IA0R_NPmED54SjsOQRsg6UIpL7Fe	1z_-VZuxZeSLOQwmyFoikR8qqzcGjros3	folder	04_weekly-challenge-3
11b6n_CGmo9nRYqBgnZd3aMGEVg8XauGE	1z_-VZuxZeSLOQwmyFoikR8qqzcGjros3	folder	01_follow-the-data-life-cycle
